query_id,llm_fixed,status
10,ChatGpt2025,corrected
10,DeepSeek,corrected
10,Gemini,corrected
100,ChatGpt2025,corrected
100,DeepSeek,corrected
100,Gemini,corrected
100,ChatGpt2025,not_corrected
100,DeepSeek,corrected
100,Gemini,not_corrected
101,ChatGpt2025,corrected
101,DeepSeek,corrected
101,Gemini,corrected
103,ChatGpt2025,not_corrected
103,DeepSeek,corrected
103,Gemini,corrected
104,ChatGpt2025,corrected
104,DeepSeek,corrected
104,Gemini,corrected
105,ChatGpt2025,corrected
105,DeepSeek,corrected
105,Gemini,corrected
108,ChatGpt2025,corrected
108,DeepSeek,corrected
108,Gemini,corrected
108,ChatGpt2025,introduced
108,DeepSeek,corrected
108,Gemini,corrected
108,ChatGpt2025,introduced
108,DeepSeek,introduced
108,Gemini,corrected
109,ChatGpt2025,not_corrected
109,DeepSeek,corrected
109,Gemini,corrected
11,ChatGpt2025,corrected
11,DeepSeek,corrected
11,Gemini,corrected
11,ChatGpt2025,corrected
11,DeepSeek,corrected
11,Gemini,corrected
11,ChatGpt2025,corrected
11,DeepSeek,corrected
11,Gemini,corrected
11,ChatGpt2025,introduced
11,DeepSeek,corrected
11,Gemini,corrected
110,ChatGpt2025,introduced
110,DeepSeek,introduced
110,Gemini,introduced
111,ChatGpt2025,corrected
111,DeepSeek,corrected
111,Gemini,corrected
112,ChatGpt2025,corrected
112,DeepSeek,corrected
112,Gemini,corrected
113,ChatGpt2025,not_corrected
113,DeepSeek,not_corrected
113,Gemini,not_corrected
113,ChatGpt2025,introduced
113,DeepSeek,corrected
113,Gemini,introduced
113,ChatGpt2025,introduced
113,DeepSeek,corrected
113,Gemini,corrected
113,ChatGpt2025,introduced
113,DeepSeek,introduced
113,Gemini,corrected
113,ChatGpt2025,introduced
113,DeepSeek,introduced
113,Gemini,introduced
114,ChatGpt2025,corrected
114,DeepSeek,corrected
114,Gemini,corrected
114,ChatGpt2025,not_corrected
114,DeepSeek,corrected
114,Gemini,not_corrected
115,ChatGpt2025,corrected
115,DeepSeek,corrected
115,Gemini,corrected
115,ChatGpt2025,not_corrected
115,DeepSeek,corrected
115,Gemini,corrected
118,ChatGpt2025,not_corrected
118,DeepSeek,corrected
118,Gemini,corrected
118,ChatGpt2025,corrected
118,DeepSeek,corrected
118,Gemini,corrected
119,ChatGpt2025,corrected
119,DeepSeek,corrected
119,Gemini,corrected
12,ChatGpt2025,corrected
12,DeepSeek,corrected
12,Gemini,corrected
12,ChatGpt2025,corrected
12,DeepSeek,not_corrected
12,Gemini,corrected
12,ChatGpt2025,corrected
12,DeepSeek,corrected
12,Gemini,corrected
12,ChatGpt2025,corrected
12,DeepSeek,corrected
12,Gemini,corrected
120,ChatGpt2025,corrected
120,DeepSeek,corrected
120,Gemini,corrected
120,ChatGpt2025,corrected
120,DeepSeek,corrected
120,Gemini,corrected
121,ChatGpt2025,corrected
121,DeepSeek,corrected
121,Gemini,corrected
122,ChatGpt2025,corrected
122,DeepSeek,corrected
122,Gemini,not_corrected
123,ChatGpt2025,not_corrected
123,DeepSeek,not_corrected
123,Gemini,not_corrected
123,ChatGpt2025,corrected
123,DeepSeek,corrected
123,Gemini,corrected
124,ChatGpt2025,corrected
124,DeepSeek,corrected
124,Gemini,corrected
124,ChatGpt2025,corrected
124,DeepSeek,corrected
124,Gemini,corrected
125,ChatGpt2025,corrected
125,DeepSeek,corrected
125,Gemini,corrected
126,ChatGpt2025,corrected
126,DeepSeek,corrected
126,Gemini,corrected
126,ChatGpt2025,introduced
126,DeepSeek,corrected
126,Gemini,corrected
128,ChatGpt2025,introduced
128,DeepSeek,not_corrected
128,Gemini,corrected
129,ChatGpt2025,corrected
129,DeepSeek,corrected
129,Gemini,corrected
129,ChatGpt2025,corrected
129,DeepSeek,corrected
129,Gemini,corrected
129,ChatGpt2025,corrected
129,DeepSeek,corrected
129,Gemini,corrected
129,ChatGpt2025,corrected
129,DeepSeek,corrected
129,Gemini,corrected
129,ChatGpt2025,corrected
129,DeepSeek,corrected
129,Gemini,corrected
13,ChatGpt2025,corrected
13,DeepSeek,corrected
13,Gemini,corrected
13,ChatGpt2025,corrected
13,DeepSeek,corrected
13,Gemini,corrected
13,ChatGpt2025,corrected
13,DeepSeek,corrected
13,Gemini,corrected
13,ChatGpt2025,corrected
13,DeepSeek,corrected
13,Gemini,corrected
13,ChatGpt2025,corrected
13,DeepSeek,corrected
13,Gemini,corrected
131,ChatGpt2025,not_corrected
131,DeepSeek,corrected
131,Gemini,introduced
131,ChatGpt2025,not_corrected
131,DeepSeek,corrected
131,Gemini,introduced
131,ChatGpt2025,introduced
131,DeepSeek,corrected
131,Gemini,introduced
133,ChatGpt2025,corrected
133,DeepSeek,corrected
133,Gemini,corrected
133,ChatGpt2025,corrected
133,DeepSeek,corrected
133,Gemini,corrected
133,ChatGpt2025,not_corrected
133,DeepSeek,introduced
133,Gemini,introduced
135,ChatGpt2025,corrected
135,DeepSeek,corrected
135,Gemini,corrected
136,ChatGpt2025,corrected
136,DeepSeek,corrected
136,Gemini,corrected
137,ChatGpt2025,corrected
137,DeepSeek,corrected
137,Gemini,corrected
137,ChatGpt2025,corrected
137,DeepSeek,corrected
137,Gemini,corrected
138,ChatGpt2025,corrected
138,DeepSeek,corrected
138,Gemini,corrected
138,ChatGpt2025,corrected
138,DeepSeek,corrected
138,Gemini,corrected
139,ChatGpt2025,corrected
139,DeepSeek,corrected
139,Gemini,corrected
139,ChatGpt2025,corrected
139,DeepSeek,corrected
139,Gemini,corrected
139,ChatGpt2025,introduced
139,DeepSeek,introduced
139,Gemini,introduced
141,ChatGpt2025,corrected
141,DeepSeek,corrected
141,Gemini,corrected
141,ChatGpt2025,corrected
141,DeepSeek,corrected
141,Gemini,corrected
142,ChatGpt2025,corrected
142,DeepSeek,corrected
142,Gemini,corrected
143,ChatGpt2025,corrected
143,DeepSeek,corrected
143,Gemini,corrected
144,ChatGpt2025,corrected
144,DeepSeek,corrected
144,Gemini,corrected
144,ChatGpt2025,corrected
144,DeepSeek,corrected
144,Gemini,corrected
146,ChatGpt2025,corrected
146,DeepSeek,corrected
146,Gemini,corrected
146,ChatGpt2025,corrected
146,DeepSeek,corrected
146,Gemini,corrected
146,ChatGpt2025,corrected
146,DeepSeek,corrected
146,Gemini,corrected
146,ChatGpt2025,not_corrected
146,DeepSeek,corrected
146,Gemini,not_corrected
147,ChatGpt2025,corrected
147,DeepSeek,corrected
147,Gemini,not_corrected
147,ChatGpt2025,corrected
147,DeepSeek,corrected
147,Gemini,corrected
148,ChatGpt2025,corrected
148,DeepSeek,not_corrected
148,Gemini,corrected
148,ChatGpt2025,introduced
148,DeepSeek,introduced
148,Gemini,introduced
148,ChatGpt2025,introduced
148,DeepSeek,introduced
148,Gemini,introduced
148,ChatGpt2025,introduced
148,DeepSeek,introduced
148,Gemini,introduced
149,ChatGpt2025,corrected
149,DeepSeek,corrected
149,Gemini,corrected
149,ChatGpt2025,corrected
149,DeepSeek,corrected
149,Gemini,corrected
149,ChatGpt2025,corrected
149,DeepSeek,not_corrected
149,Gemini,corrected
15,ChatGpt2025,corrected
15,DeepSeek,corrected
15,Gemini,corrected
15,ChatGpt2025,corrected
15,DeepSeek,corrected
15,Gemini,not_corrected
150,ChatGpt2025,corrected
150,DeepSeek,corrected
150,Gemini,corrected
150,ChatGpt2025,corrected
150,DeepSeek,corrected
150,Gemini,corrected
150,ChatGpt2025,corrected
150,DeepSeek,corrected
150,Gemini,corrected
151,ChatGpt2025,corrected
151,DeepSeek,corrected
151,Gemini,not_corrected
151,ChatGpt2025,corrected
151,DeepSeek,corrected
151,Gemini,corrected
151,ChatGpt2025,corrected
151,DeepSeek,corrected
151,Gemini,corrected
153,ChatGpt2025,corrected
153,DeepSeek,corrected
153,Gemini,corrected
154,ChatGpt2025,not_corrected
154,DeepSeek,corrected
154,Gemini,corrected
154,ChatGpt2025,corrected
154,DeepSeek,corrected
154,Gemini,corrected
157,ChatGpt2025,not_corrected
157,DeepSeek,not_corrected
157,Gemini,corrected
157,ChatGpt2025,not_corrected
157,DeepSeek,not_corrected
157,Gemini,corrected
157,ChatGpt2025,corrected
157,DeepSeek,corrected
157,Gemini,corrected
158,ChatGpt2025,corrected
158,DeepSeek,not_corrected
158,Gemini,corrected
158,ChatGpt2025,corrected
158,DeepSeek,corrected
158,Gemini,corrected
158,ChatGpt2025,corrected
158,DeepSeek,corrected
158,Gemini,introduced
158,ChatGpt2025,corrected
158,DeepSeek,corrected
158,Gemini,corrected
159,ChatGpt2025,not_corrected
159,DeepSeek,not_corrected
159,Gemini,not_corrected
159,ChatGpt2025,not_corrected
159,DeepSeek,not_corrected
159,Gemini,not_corrected
159,ChatGpt2025,not_corrected
159,DeepSeek,not_corrected
159,Gemini,not_corrected
159,ChatGpt2025,not_corrected
159,DeepSeek,corrected
159,Gemini,not_corrected
16,ChatGpt2025,corrected
16,DeepSeek,corrected
16,Gemini,corrected
16,ChatGpt2025,corrected
16,DeepSeek,corrected
16,Gemini,corrected
16,ChatGpt2025,corrected
16,DeepSeek,corrected
16,Gemini,corrected
16,ChatGpt2025,corrected
16,DeepSeek,corrected
16,Gemini,corrected
160,ChatGpt2025,corrected
160,DeepSeek,corrected
160,Gemini,corrected
160,ChatGpt2025,corrected
160,DeepSeek,corrected
160,Gemini,not_corrected
162,ChatGpt2025,corrected
162,DeepSeek,corrected
162,Gemini,corrected
162,ChatGpt2025,corrected
162,DeepSeek,corrected
162,Gemini,corrected
162,ChatGpt2025,corrected
162,DeepSeek,corrected
162,Gemini,corrected
162,ChatGpt2025,corrected
162,DeepSeek,corrected
162,Gemini,corrected
162,ChatGpt2025,corrected
162,DeepSeek,corrected
162,Gemini,corrected
163,ChatGpt2025,not_corrected
163,DeepSeek,not_corrected
163,Gemini,not_corrected
163,ChatGpt2025,not_corrected
163,DeepSeek,not_corrected
163,Gemini,not_corrected
163,ChatGpt2025,corrected
163,DeepSeek,corrected
163,Gemini,introduced
163,ChatGpt2025,introduced
163,DeepSeek,corrected
163,Gemini,introduced
164,ChatGpt2025,introduced
164,DeepSeek,corrected
164,Gemini,corrected
167,ChatGpt2025,corrected
167,DeepSeek,corrected
167,Gemini,corrected
168,ChatGpt2025,corrected
168,DeepSeek,corrected
168,Gemini,corrected
168,ChatGpt2025,not_corrected
168,DeepSeek,not_corrected
168,Gemini,not_corrected
168,ChatGpt2025,introduced
168,DeepSeek,corrected
168,Gemini,introduced
169,ChatGpt2025,not_corrected
169,DeepSeek,corrected
169,Gemini,not_corrected
170,ChatGpt2025,corrected
170,DeepSeek,corrected
170,Gemini,corrected
171,ChatGpt2025,not_corrected
171,DeepSeek,corrected
171,Gemini,corrected
172,ChatGpt2025,corrected
172,DeepSeek,corrected
172,Gemini,corrected
172,ChatGpt2025,corrected
172,DeepSeek,corrected
172,Gemini,corrected
172,ChatGpt2025,corrected
172,DeepSeek,corrected
172,Gemini,corrected
173,ChatGpt2025,corrected
173,DeepSeek,introduced
173,Gemini,corrected
173,ChatGpt2025,corrected
173,DeepSeek,corrected
173,Gemini,corrected
173,ChatGpt2025,not_corrected
173,DeepSeek,not_corrected
173,Gemini,not_corrected
174,ChatGpt2025,corrected
174,DeepSeek,corrected
174,Gemini,corrected
175,ChatGpt2025,corrected
175,DeepSeek,corrected
175,Gemini,corrected
176,ChatGpt2025,corrected
176,DeepSeek,corrected
176,Gemini,corrected
176,ChatGpt2025,corrected
176,DeepSeek,corrected
176,Gemini,corrected
176,ChatGpt2025,corrected
176,DeepSeek,corrected
176,Gemini,corrected
176,ChatGpt2025,corrected
176,DeepSeek,corrected
176,Gemini,corrected
178,ChatGpt2025,corrected
178,DeepSeek,corrected
178,Gemini,corrected
178,ChatGpt2025,corrected
178,DeepSeek,corrected
178,Gemini,corrected
179,ChatGpt2025,corrected
179,DeepSeek,corrected
179,Gemini,corrected
179,ChatGpt2025,not_corrected
179,DeepSeek,corrected
179,Gemini,corrected
18,ChatGpt2025,corrected
18,DeepSeek,corrected
18,Gemini,corrected
180,ChatGpt2025,corrected
180,DeepSeek,corrected
180,Gemini,corrected
180,ChatGpt2025,corrected
180,DeepSeek,corrected
180,Gemini,corrected
181,ChatGpt2025,introduced
181,DeepSeek,corrected
181,Gemini,introduced
181,ChatGpt2025,corrected
181,DeepSeek,corrected
181,Gemini,corrected
182,ChatGpt2025,not_corrected
182,DeepSeek,not_corrected
182,Gemini,not_corrected
182,ChatGpt2025,corrected
182,DeepSeek,corrected
182,Gemini,not_corrected
183,ChatGpt2025,not_corrected
183,DeepSeek,corrected
183,Gemini,corrected
183,ChatGpt2025,corrected
183,DeepSeek,corrected
183,Gemini,corrected
183,ChatGpt2025,corrected
183,DeepSeek,corrected
183,Gemini,corrected
183,ChatGpt2025,corrected
183,DeepSeek,not_corrected
183,Gemini,corrected
185,ChatGpt2025,corrected
185,DeepSeek,corrected
185,Gemini,corrected
186,ChatGpt2025,corrected
186,DeepSeek,corrected
186,Gemini,corrected
186,ChatGpt2025,introduced
186,DeepSeek,corrected
186,Gemini,corrected
188,ChatGpt2025,corrected
188,DeepSeek,corrected
188,Gemini,corrected
188,ChatGpt2025,not_corrected
188,DeepSeek,not_corrected
188,Gemini,introduced
19,ChatGpt2025,corrected
19,DeepSeek,corrected
19,Gemini,corrected
190,ChatGpt2025,introduced
190,DeepSeek,not_corrected
190,Gemini,introduced
190,ChatGpt2025,introduced
190,DeepSeek,introduced
190,Gemini,corrected
190,ChatGpt2025,introduced
190,DeepSeek,introduced
190,Gemini,introduced
191,ChatGpt2025,corrected
191,DeepSeek,introduced
191,Gemini,corrected
191,ChatGpt2025,introduced
191,DeepSeek,introduced
191,Gemini,introduced
191,ChatGpt2025,introduced
191,DeepSeek,introduced
191,Gemini,introduced
192,ChatGpt2025,corrected
192,DeepSeek,corrected
192,Gemini,corrected
192,ChatGpt2025,corrected
192,DeepSeek,corrected
192,Gemini,corrected
192,ChatGpt2025,corrected
192,DeepSeek,corrected
192,Gemini,corrected
194,ChatGpt2025,corrected
194,DeepSeek,corrected
194,Gemini,corrected
194,ChatGpt2025,corrected
194,DeepSeek,corrected
194,Gemini,corrected
194,ChatGpt2025,corrected
194,DeepSeek,not_corrected
194,Gemini,corrected
194,ChatGpt2025,corrected
194,DeepSeek,corrected
194,Gemini,corrected
194,ChatGpt2025,introduced
194,DeepSeek,introduced
194,Gemini,corrected
195,ChatGpt2025,corrected
195,DeepSeek,corrected
195,Gemini,introduced
195,ChatGpt2025,corrected
195,DeepSeek,corrected
195,Gemini,corrected
195,ChatGpt2025,corrected
195,DeepSeek,corrected
195,Gemini,corrected
196,ChatGpt2025,corrected
196,DeepSeek,corrected
196,Gemini,corrected
196,ChatGpt2025,corrected
196,DeepSeek,corrected
196,Gemini,corrected
197,ChatGpt2025,introduced
197,DeepSeek,not_corrected
197,Gemini,introduced
197,ChatGpt2025,introduced
197,DeepSeek,introduced
197,Gemini,introduced
197,ChatGpt2025,introduced
197,DeepSeek,corrected
197,Gemini,introduced
197,ChatGpt2025,not_corrected
197,DeepSeek,not_corrected
197,Gemini,corrected
198,ChatGpt2025,corrected
198,DeepSeek,corrected
198,Gemini,corrected
198,ChatGpt2025,corrected
198,DeepSeek,corrected
198,Gemini,corrected
199,ChatGpt2025,corrected
199,DeepSeek,corrected
199,Gemini,corrected
2,ChatGpt2025,corrected
2,DeepSeek,corrected
2,Gemini,corrected
2,ChatGpt2025,corrected
2,DeepSeek,corrected
2,Gemini,corrected
20,ChatGpt2025,corrected
20,DeepSeek,corrected
20,Gemini,not_corrected
201,ChatGpt2025,introduced
201,DeepSeek,introduced
201,Gemini,introduced
201,ChatGpt2025,introduced
201,DeepSeek,introduced
201,Gemini,corrected
201,ChatGpt2025,introduced
201,DeepSeek,introduced
201,Gemini,introduced
201,ChatGpt2025,corrected
201,DeepSeek,corrected
201,Gemini,corrected
201,ChatGpt2025,corrected
201,DeepSeek,corrected
201,Gemini,corrected
202,ChatGpt2025,corrected
202,DeepSeek,corrected
202,Gemini,corrected
202,ChatGpt2025,corrected
202,DeepSeek,introduced
202,Gemini,corrected
203,ChatGpt2025,corrected
203,DeepSeek,corrected
203,Gemini,corrected
203,ChatGpt2025,corrected
203,DeepSeek,corrected
203,Gemini,corrected
204,ChatGpt2025,corrected
204,DeepSeek,corrected
204,Gemini,corrected
205,ChatGpt2025,corrected
205,DeepSeek,corrected
205,Gemini,corrected
205,ChatGpt2025,corrected
205,DeepSeek,corrected
205,Gemini,corrected
205,ChatGpt2025,introduced
205,DeepSeek,introduced
205,Gemini,introduced
206,ChatGpt2025,corrected
206,DeepSeek,corrected
206,Gemini,corrected
207,ChatGpt2025,introduced
207,DeepSeek,corrected
207,Gemini,introduced
208,ChatGpt2025,corrected
208,DeepSeek,corrected
208,Gemini,corrected
210,ChatGpt2025,not_corrected
210,DeepSeek,corrected
210,Gemini,corrected
210,ChatGpt2025,corrected
210,DeepSeek,corrected
210,Gemini,corrected
212,ChatGpt2025,introduced
212,DeepSeek,introduced
212,Gemini,corrected
212,ChatGpt2025,introduced
212,DeepSeek,introduced
212,Gemini,corrected
212,ChatGpt2025,corrected
212,DeepSeek,corrected
212,Gemini,corrected
212,ChatGpt2025,corrected
212,DeepSeek,corrected
212,Gemini,corrected
215,ChatGpt2025,corrected
215,DeepSeek,corrected
215,Gemini,corrected
215,ChatGpt2025,corrected
215,DeepSeek,corrected
215,Gemini,corrected
215,ChatGpt2025,corrected
215,DeepSeek,corrected
215,Gemini,corrected
217,ChatGpt2025,introduced
217,DeepSeek,introduced
217,Gemini,corrected
217,ChatGpt2025,corrected
217,DeepSeek,corrected
217,Gemini,corrected
217,ChatGpt2025,corrected
217,DeepSeek,corrected
217,Gemini,not_corrected
218,ChatGpt2025,corrected
218,DeepSeek,corrected
218,Gemini,corrected
218,ChatGpt2025,corrected
218,DeepSeek,corrected
218,Gemini,corrected
218,ChatGpt2025,corrected
218,DeepSeek,corrected
218,Gemini,corrected
219,ChatGpt2025,corrected
219,DeepSeek,corrected
219,Gemini,corrected
220,ChatGpt2025,corrected
220,DeepSeek,corrected
220,Gemini,corrected
220,ChatGpt2025,introduced
220,DeepSeek,introduced
220,Gemini,introduced
220,ChatGpt2025,introduced
220,DeepSeek,introduced
220,Gemini,introduced
220,ChatGpt2025,corrected
220,DeepSeek,corrected
220,Gemini,corrected
221,ChatGpt2025,corrected
221,DeepSeek,corrected
221,Gemini,corrected
221,ChatGpt2025,corrected
221,DeepSeek,corrected
221,Gemini,corrected
222,ChatGpt2025,corrected
222,DeepSeek,corrected
222,Gemini,corrected
222,ChatGpt2025,corrected
222,DeepSeek,corrected
222,Gemini,corrected
224,ChatGpt2025,corrected
224,DeepSeek,corrected
224,Gemini,corrected
224,ChatGpt2025,corrected
224,DeepSeek,corrected
224,Gemini,corrected
224,ChatGpt2025,corrected
224,DeepSeek,corrected
224,Gemini,corrected
225,ChatGpt2025,corrected
225,DeepSeek,corrected
225,Gemini,corrected
225,ChatGpt2025,not_corrected
225,DeepSeek,corrected
225,Gemini,corrected
226,ChatGpt2025,corrected
226,DeepSeek,not_corrected
226,Gemini,corrected
226,ChatGpt2025,corrected
226,DeepSeek,corrected
226,Gemini,corrected
226,ChatGpt2025,corrected
226,DeepSeek,corrected
226,Gemini,corrected
226,ChatGpt2025,corrected
226,DeepSeek,corrected
226,Gemini,corrected
227,ChatGpt2025,not_corrected
227,DeepSeek,not_corrected
227,Gemini,not_corrected
228,ChatGpt2025,not_corrected
228,DeepSeek,corrected
228,Gemini,not_corrected
228,ChatGpt2025,corrected
228,DeepSeek,corrected
228,Gemini,corrected
229,ChatGpt2025,corrected
229,DeepSeek,corrected
229,Gemini,corrected
229,ChatGpt2025,corrected
229,DeepSeek,corrected
229,Gemini,corrected
23,ChatGpt2025,corrected
23,DeepSeek,corrected
23,Gemini,corrected
23,ChatGpt2025,corrected
23,DeepSeek,corrected
23,Gemini,corrected
23,ChatGpt2025,corrected
23,DeepSeek,corrected
23,Gemini,corrected
23,ChatGpt2025,not_corrected
23,DeepSeek,corrected
23,Gemini,corrected
231,ChatGpt2025,not_corrected
231,DeepSeek,not_corrected
231,Gemini,not_corrected
231,ChatGpt2025,corrected
231,DeepSeek,corrected
231,Gemini,corrected
231,ChatGpt2025,corrected
231,DeepSeek,corrected
231,Gemini,corrected
232,ChatGpt2025,corrected
232,DeepSeek,not_corrected
232,Gemini,not_corrected
232,ChatGpt2025,corrected
232,DeepSeek,corrected
232,Gemini,corrected
232,ChatGpt2025,corrected
232,DeepSeek,corrected
232,Gemini,corrected
233,ChatGpt2025,corrected
233,DeepSeek,corrected
233,Gemini,introduced
233,ChatGpt2025,corrected
233,DeepSeek,corrected
233,Gemini,corrected
236,ChatGpt2025,corrected
236,DeepSeek,corrected
236,Gemini,corrected
236,ChatGpt2025,corrected
236,DeepSeek,not_corrected
236,Gemini,corrected
238,ChatGpt2025,corrected
238,DeepSeek,corrected
238,Gemini,corrected
240,ChatGpt2025,not_corrected
240,DeepSeek,corrected
240,Gemini,corrected
240,ChatGpt2025,not_corrected
240,DeepSeek,not_corrected
240,Gemini,introduced
241,ChatGpt2025,corrected
241,DeepSeek,corrected
241,Gemini,corrected
241,ChatGpt2025,corrected
241,DeepSeek,corrected
241,Gemini,corrected
242,ChatGpt2025,corrected
242,DeepSeek,introduced
242,Gemini,corrected
242,ChatGpt2025,corrected
242,DeepSeek,corrected
242,Gemini,corrected
242,ChatGpt2025,introduced
242,DeepSeek,corrected
242,Gemini,corrected
243,ChatGpt2025,corrected
243,DeepSeek,corrected
243,Gemini,corrected
245,ChatGpt2025,corrected
245,DeepSeek,corrected
245,Gemini,corrected
247,ChatGpt2025,corrected
247,DeepSeek,corrected
247,Gemini,introduced
247,ChatGpt2025,corrected
247,DeepSeek,corrected
247,Gemini,corrected
248,ChatGpt2025,not_corrected
248,DeepSeek,corrected
248,Gemini,not_corrected
248,ChatGpt2025,corrected
248,DeepSeek,corrected
248,Gemini,corrected
248,ChatGpt2025,not_corrected
248,DeepSeek,not_corrected
248,Gemini,not_corrected
249,ChatGpt2025,corrected
249,DeepSeek,corrected
249,Gemini,corrected
249,ChatGpt2025,corrected
249,DeepSeek,corrected
249,Gemini,corrected
249,ChatGpt2025,introduced
249,DeepSeek,introduced
249,Gemini,introduced
25,ChatGpt2025,corrected
25,DeepSeek,corrected
25,Gemini,corrected
25,ChatGpt2025,corrected
25,DeepSeek,corrected
25,Gemini,corrected
250,ChatGpt2025,not_corrected
250,DeepSeek,not_corrected
250,Gemini,corrected
250,ChatGpt2025,corrected
250,DeepSeek,corrected
250,Gemini,corrected
250,ChatGpt2025,corrected
250,DeepSeek,corrected
250,Gemini,corrected
250,ChatGpt2025,corrected
250,DeepSeek,corrected
250,Gemini,corrected
251,ChatGpt2025,corrected
251,DeepSeek,corrected
251,Gemini,corrected
251,ChatGpt2025,not_corrected
251,DeepSeek,corrected
251,Gemini,corrected
251,ChatGpt2025,corrected
251,DeepSeek,corrected
251,Gemini,corrected
252,ChatGpt2025,corrected
252,DeepSeek,corrected
252,Gemini,corrected
252,ChatGpt2025,not_corrected
252,DeepSeek,corrected
252,Gemini,not_corrected
252,ChatGpt2025,corrected
252,DeepSeek,corrected
252,Gemini,corrected
253,ChatGpt2025,corrected
253,DeepSeek,corrected
253,Gemini,corrected
253,ChatGpt2025,corrected
253,DeepSeek,corrected
253,Gemini,corrected
254,ChatGpt2025,introduced
254,DeepSeek,introduced
254,Gemini,introduced
254,ChatGpt2025,corrected
254,DeepSeek,corrected
254,Gemini,corrected
254,ChatGpt2025,corrected
254,DeepSeek,corrected
254,Gemini,corrected
256,ChatGpt2025,corrected
256,DeepSeek,corrected
256,Gemini,corrected
257,ChatGpt2025,corrected
257,DeepSeek,corrected
257,Gemini,corrected
257,ChatGpt2025,corrected
257,DeepSeek,corrected
257,Gemini,corrected
258,ChatGpt2025,not_corrected
258,DeepSeek,not_corrected
258,Gemini,not_corrected
258,ChatGpt2025,corrected
258,DeepSeek,corrected
258,Gemini,corrected
259,ChatGpt2025,corrected
259,DeepSeek,corrected
259,Gemini,corrected
26,ChatGpt2025,corrected
26,DeepSeek,corrected
26,Gemini,corrected
26,ChatGpt2025,corrected
26,DeepSeek,corrected
26,Gemini,corrected
26,ChatGpt2025,corrected
26,DeepSeek,corrected
26,Gemini,corrected
260,ChatGpt2025,corrected
260,DeepSeek,corrected
260,Gemini,corrected
260,ChatGpt2025,not_corrected
260,DeepSeek,not_corrected
260,Gemini,corrected
261,ChatGpt2025,corrected
261,DeepSeek,corrected
261,Gemini,corrected
262,ChatGpt2025,corrected
262,DeepSeek,corrected
262,Gemini,corrected
262,ChatGpt2025,introduced
262,DeepSeek,corrected
262,Gemini,introduced
263,ChatGpt2025,corrected
263,DeepSeek,corrected
263,Gemini,corrected
263,ChatGpt2025,corrected
263,DeepSeek,corrected
263,Gemini,corrected
263,ChatGpt2025,not_corrected
263,DeepSeek,not_corrected
263,Gemini,not_corrected
263,ChatGpt2025,corrected
263,DeepSeek,corrected
263,Gemini,corrected
264,ChatGpt2025,introduced
264,DeepSeek,corrected
264,Gemini,introduced
265,ChatGpt2025,corrected
265,DeepSeek,corrected
265,Gemini,corrected
265,ChatGpt2025,corrected
265,DeepSeek,corrected
265,Gemini,corrected
265,ChatGpt2025,corrected
265,DeepSeek,corrected
265,Gemini,corrected
266,ChatGpt2025,corrected
266,DeepSeek,corrected
266,Gemini,corrected
266,ChatGpt2025,corrected
266,DeepSeek,corrected
266,Gemini,corrected
267,ChatGpt2025,introduced
267,DeepSeek,corrected
267,Gemini,corrected
268,ChatGpt2025,not_corrected
268,DeepSeek,not_corrected
268,Gemini,not_corrected
269,ChatGpt2025,not_corrected
269,DeepSeek,not_corrected
269,Gemini,corrected
269,ChatGpt2025,not_corrected
269,DeepSeek,not_corrected
269,Gemini,not_corrected
269,ChatGpt2025,not_corrected
269,DeepSeek,not_corrected
269,Gemini,corrected
269,ChatGpt2025,corrected
269,DeepSeek,corrected
269,Gemini,corrected
269,ChatGpt2025,introduced
269,DeepSeek,corrected
269,Gemini,corrected
27,ChatGpt2025,corrected
27,DeepSeek,corrected
27,Gemini,corrected
27,ChatGpt2025,corrected
27,DeepSeek,corrected
27,Gemini,corrected
27,ChatGpt2025,corrected
27,DeepSeek,introduced
27,Gemini,corrected
271,ChatGpt2025,not_corrected
271,DeepSeek,not_corrected
271,Gemini,corrected
271,ChatGpt2025,corrected
271,DeepSeek,corrected
271,Gemini,corrected
271,ChatGpt2025,corrected
271,DeepSeek,not_corrected
271,Gemini,corrected
271,ChatGpt2025,not_corrected
271,DeepSeek,introduced
271,Gemini,not_corrected
271,ChatGpt2025,introduced
271,DeepSeek,corrected
271,Gemini,corrected
272,ChatGpt2025,corrected
272,DeepSeek,corrected
272,Gemini,corrected
273,ChatGpt2025,corrected
273,DeepSeek,corrected
273,Gemini,introduced
273,ChatGpt2025,corrected
273,DeepSeek,corrected
273,Gemini,introduced
273,ChatGpt2025,not_corrected
273,DeepSeek,corrected
273,Gemini,not_corrected
273,ChatGpt2025,corrected
273,DeepSeek,corrected
273,Gemini,corrected
274,ChatGpt2025,corrected
274,DeepSeek,corrected
274,Gemini,corrected
274,ChatGpt2025,corrected
274,DeepSeek,corrected
274,Gemini,corrected
274,ChatGpt2025,corrected
274,DeepSeek,corrected
274,Gemini,corrected
276,ChatGpt2025,corrected
276,DeepSeek,corrected
276,Gemini,corrected
276,ChatGpt2025,not_corrected
276,DeepSeek,not_corrected
276,Gemini,not_corrected
277,ChatGpt2025,corrected
277,DeepSeek,not_corrected
277,Gemini,introduced
277,ChatGpt2025,corrected
277,DeepSeek,introduced
277,Gemini,corrected
278,ChatGpt2025,not_corrected
278,DeepSeek,not_corrected
278,Gemini,introduced
278,ChatGpt2025,corrected
278,DeepSeek,corrected
278,Gemini,not_corrected
279,ChatGpt2025,corrected
279,DeepSeek,corrected
279,Gemini,corrected
279,ChatGpt2025,corrected
279,DeepSeek,corrected
279,Gemini,corrected
279,ChatGpt2025,corrected
279,DeepSeek,corrected
279,Gemini,corrected
28,ChatGpt2025,corrected
28,DeepSeek,corrected
28,Gemini,corrected
28,ChatGpt2025,corrected
28,DeepSeek,corrected
28,Gemini,corrected
28,ChatGpt2025,corrected
28,DeepSeek,corrected
28,Gemini,corrected
281,ChatGpt2025,corrected
281,DeepSeek,corrected
281,Gemini,corrected
281,ChatGpt2025,not_corrected
281,DeepSeek,not_corrected
281,Gemini,not_corrected
283,ChatGpt2025,introduced
283,DeepSeek,introduced
283,Gemini,corrected
284,ChatGpt2025,not_corrected
284,DeepSeek,corrected
284,Gemini,not_corrected
284,ChatGpt2025,not_corrected
284,DeepSeek,not_corrected
284,Gemini,not_corrected
285,ChatGpt2025,corrected
285,DeepSeek,corrected
285,Gemini,corrected
285,ChatGpt2025,corrected
285,DeepSeek,corrected
285,Gemini,corrected
286,ChatGpt2025,corrected
286,DeepSeek,corrected
286,Gemini,corrected
286,ChatGpt2025,corrected
286,DeepSeek,corrected
286,Gemini,corrected
287,ChatGpt2025,corrected
287,DeepSeek,corrected
287,Gemini,corrected
287,ChatGpt2025,introduced
287,DeepSeek,introduced
287,Gemini,corrected
288,ChatGpt2025,corrected
288,DeepSeek,corrected
288,Gemini,corrected
288,ChatGpt2025,introduced
288,DeepSeek,introduced
288,Gemini,introduced
29,ChatGpt2025,corrected
29,DeepSeek,corrected
29,Gemini,corrected
29,ChatGpt2025,corrected
29,DeepSeek,corrected
29,Gemini,corrected
29,ChatGpt2025,corrected
29,DeepSeek,corrected
29,Gemini,corrected
29,ChatGpt2025,introduced
29,DeepSeek,introduced
29,Gemini,corrected
290,ChatGpt2025,corrected
290,DeepSeek,corrected
290,Gemini,corrected
291,ChatGpt2025,corrected
291,DeepSeek,corrected
291,Gemini,corrected
293,ChatGpt2025,corrected
293,DeepSeek,corrected
293,Gemini,corrected
294,ChatGpt2025,introduced
294,DeepSeek,corrected
294,Gemini,introduced
294,ChatGpt2025,corrected
294,DeepSeek,corrected
294,Gemini,corrected
294,ChatGpt2025,corrected
294,DeepSeek,corrected
294,Gemini,corrected
295,ChatGpt2025,corrected
295,DeepSeek,corrected
295,Gemini,corrected
295,ChatGpt2025,corrected
295,DeepSeek,corrected
295,Gemini,corrected
295,ChatGpt2025,corrected
295,DeepSeek,corrected
295,Gemini,corrected
297,ChatGpt2025,corrected
297,DeepSeek,corrected
297,Gemini,introduced
297,ChatGpt2025,corrected
297,DeepSeek,corrected
297,Gemini,corrected
298,ChatGpt2025,corrected
298,DeepSeek,corrected
298,Gemini,corrected
298,ChatGpt2025,corrected
298,DeepSeek,corrected
298,Gemini,corrected
299,ChatGpt2025,introduced
299,DeepSeek,introduced
299,Gemini,introduced
299,ChatGpt2025,introduced
299,DeepSeek,introduced
299,Gemini,introduced
299,ChatGpt2025,introduced
299,DeepSeek,introduced
299,Gemini,introduced
299,ChatGpt2025,introduced
299,DeepSeek,introduced
299,Gemini,introduced
299,ChatGpt2025,not_corrected
299,DeepSeek,introduced
299,Gemini,introduced
3,ChatGpt2025,introduced
3,DeepSeek,corrected
3,Gemini,not_corrected
30,ChatGpt2025,introduced
30,DeepSeek,corrected
30,Gemini,introduced
30,ChatGpt2025,corrected
30,DeepSeek,corrected
30,Gemini,corrected
30,ChatGpt2025,corrected
30,DeepSeek,corrected
30,Gemini,corrected
30,ChatGpt2025,corrected
30,DeepSeek,corrected
30,Gemini,corrected
300,ChatGpt2025,corrected
300,DeepSeek,corrected
300,Gemini,corrected
302,ChatGpt2025,not_corrected
302,DeepSeek,corrected
302,Gemini,corrected
302,ChatGpt2025,corrected
302,DeepSeek,corrected
302,Gemini,corrected
303,ChatGpt2025,corrected
303,DeepSeek,corrected
303,Gemini,corrected
304,ChatGpt2025,corrected
304,DeepSeek,corrected
304,Gemini,corrected
304,ChatGpt2025,not_corrected
304,DeepSeek,corrected
304,Gemini,corrected
306,ChatGpt2025,introduced
306,DeepSeek,introduced
306,Gemini,corrected
306,ChatGpt2025,corrected
306,DeepSeek,corrected
306,Gemini,not_corrected
306,ChatGpt2025,introduced
306,DeepSeek,corrected
306,Gemini,introduced
307,ChatGpt2025,corrected
307,DeepSeek,corrected
307,Gemini,not_corrected
308,ChatGpt2025,corrected
308,DeepSeek,corrected
308,Gemini,not_corrected
309,ChatGpt2025,not_corrected
309,DeepSeek,not_corrected
309,Gemini,not_corrected
309,ChatGpt2025,not_corrected
309,DeepSeek,corrected
309,Gemini,introduced
309,ChatGpt2025,corrected
309,DeepSeek,corrected
309,Gemini,corrected
309,ChatGpt2025,corrected
309,DeepSeek,corrected
309,Gemini,introduced
311,ChatGpt2025,corrected
311,DeepSeek,corrected
311,Gemini,corrected
312,ChatGpt2025,corrected
312,DeepSeek,corrected
312,Gemini,corrected
312,ChatGpt2025,corrected
312,DeepSeek,corrected
312,Gemini,corrected
313,ChatGpt2025,corrected
313,DeepSeek,corrected
313,Gemini,corrected
313,ChatGpt2025,corrected
313,DeepSeek,corrected
313,Gemini,not_corrected
314,ChatGpt2025,corrected
314,DeepSeek,corrected
314,Gemini,corrected
314,ChatGpt2025,corrected
314,DeepSeek,corrected
314,Gemini,corrected
316,ChatGpt2025,corrected
316,DeepSeek,corrected
316,Gemini,corrected
318,ChatGpt2025,not_corrected
318,DeepSeek,corrected
318,Gemini,corrected
319,ChatGpt2025,corrected
319,DeepSeek,corrected
319,Gemini,corrected
319,ChatGpt2025,corrected
319,DeepSeek,corrected
319,Gemini,corrected
32,ChatGpt2025,corrected
32,DeepSeek,corrected
32,Gemini,corrected
320,ChatGpt2025,corrected
320,DeepSeek,corrected
320,Gemini,corrected
320,ChatGpt2025,corrected
320,DeepSeek,corrected
320,Gemini,introduced
321,ChatGpt2025,introduced
321,DeepSeek,corrected
321,Gemini,corrected
321,ChatGpt2025,corrected
321,DeepSeek,corrected
321,Gemini,corrected
321,ChatGpt2025,introduced
321,DeepSeek,corrected
321,Gemini,corrected
324,ChatGpt2025,corrected
324,DeepSeek,corrected
324,Gemini,corrected
325,ChatGpt2025,corrected
325,DeepSeek,corrected
325,Gemini,corrected
325,ChatGpt2025,corrected
325,DeepSeek,corrected
325,Gemini,corrected
325,ChatGpt2025,corrected
325,DeepSeek,corrected
325,Gemini,corrected
325,ChatGpt2025,introduced
325,DeepSeek,introduced
325,Gemini,corrected
325,ChatGpt2025,corrected
325,DeepSeek,corrected
325,Gemini,corrected
326,ChatGpt2025,corrected
326,DeepSeek,corrected
326,Gemini,corrected
327,ChatGpt2025,corrected
327,DeepSeek,corrected
327,Gemini,corrected
328,ChatGpt2025,corrected
328,DeepSeek,corrected
328,Gemini,corrected
328,ChatGpt2025,corrected
328,DeepSeek,corrected
328,Gemini,corrected
329,ChatGpt2025,corrected
329,DeepSeek,corrected
329,Gemini,corrected
329,ChatGpt2025,corrected
329,DeepSeek,corrected
329,Gemini,corrected
329,ChatGpt2025,corrected
329,DeepSeek,corrected
329,Gemini,corrected
329,ChatGpt2025,introduced
329,DeepSeek,introduced
329,Gemini,introduced
33,ChatGpt2025,corrected
33,DeepSeek,corrected
33,Gemini,corrected
33,ChatGpt2025,corrected
33,DeepSeek,corrected
33,Gemini,corrected
33,ChatGpt2025,not_corrected
33,DeepSeek,not_corrected
33,Gemini,corrected
330,ChatGpt2025,corrected
330,DeepSeek,introduced
330,Gemini,corrected
330,ChatGpt2025,corrected
330,DeepSeek,corrected
330,Gemini,corrected
331,ChatGpt2025,corrected
331,DeepSeek,corrected
331,Gemini,corrected
333,ChatGpt2025,corrected
333,DeepSeek,corrected
333,Gemini,corrected
334,ChatGpt2025,corrected
334,DeepSeek,corrected
334,Gemini,corrected
335,ChatGpt2025,corrected
335,DeepSeek,corrected
335,Gemini,corrected
335,ChatGpt2025,corrected
335,DeepSeek,corrected
335,Gemini,corrected
336,ChatGpt2025,corrected
336,DeepSeek,corrected
336,Gemini,corrected
336,ChatGpt2025,corrected
336,DeepSeek,corrected
336,Gemini,corrected
336,ChatGpt2025,corrected
336,DeepSeek,corrected
336,Gemini,corrected
337,ChatGpt2025,corrected
337,DeepSeek,corrected
337,Gemini,corrected
338,ChatGpt2025,corrected
338,DeepSeek,corrected
338,Gemini,corrected
338,ChatGpt2025,corrected
338,DeepSeek,corrected
338,Gemini,corrected
338,ChatGpt2025,corrected
338,DeepSeek,corrected
338,Gemini,corrected
339,ChatGpt2025,not_corrected
339,DeepSeek,not_corrected
339,Gemini,corrected
34,ChatGpt2025,corrected
34,DeepSeek,corrected
34,Gemini,corrected
340,ChatGpt2025,corrected
340,DeepSeek,not_corrected
340,Gemini,not_corrected
341,ChatGpt2025,introduced
341,DeepSeek,corrected
341,Gemini,introduced
341,ChatGpt2025,corrected
341,DeepSeek,corrected
341,Gemini,corrected
341,ChatGpt2025,corrected
341,DeepSeek,corrected
341,Gemini,corrected
342,ChatGpt2025,corrected
342,DeepSeek,corrected
342,Gemini,corrected
342,ChatGpt2025,introduced
342,DeepSeek,corrected
342,Gemini,corrected
342,ChatGpt2025,corrected
342,DeepSeek,not_corrected
342,Gemini,not_corrected
343,ChatGpt2025,not_corrected
343,DeepSeek,not_corrected
343,Gemini,not_corrected
344,ChatGpt2025,corrected
344,DeepSeek,corrected
344,Gemini,corrected
346,ChatGpt2025,not_corrected
346,DeepSeek,not_corrected
346,Gemini,not_corrected
346,ChatGpt2025,corrected
346,DeepSeek,corrected
346,Gemini,corrected
347,ChatGpt2025,corrected
347,DeepSeek,corrected
347,Gemini,corrected
347,ChatGpt2025,corrected
347,DeepSeek,corrected
347,Gemini,corrected
347,ChatGpt2025,corrected
347,DeepSeek,corrected
347,Gemini,corrected
347,ChatGpt2025,corrected
347,DeepSeek,corrected
347,Gemini,corrected
347,ChatGpt2025,corrected
347,DeepSeek,corrected
347,Gemini,corrected
349,ChatGpt2025,not_corrected
349,DeepSeek,corrected
349,Gemini,corrected
35,ChatGpt2025,corrected
35,DeepSeek,corrected
35,Gemini,corrected
35,ChatGpt2025,corrected
35,DeepSeek,corrected
35,Gemini,corrected
350,ChatGpt2025,corrected
350,DeepSeek,corrected
350,Gemini,corrected
350,ChatGpt2025,introduced
350,DeepSeek,corrected
350,Gemini,introduced
350,ChatGpt2025,introduced
350,DeepSeek,not_corrected
350,Gemini,corrected
350,ChatGpt2025,introduced
350,DeepSeek,corrected
350,Gemini,introduced
350,ChatGpt2025,introduced
350,DeepSeek,introduced
350,Gemini,introduced
351,ChatGpt2025,introduced
351,DeepSeek,corrected
351,Gemini,introduced
351,ChatGpt2025,not_corrected
351,DeepSeek,corrected
351,Gemini,corrected
352,ChatGpt2025,introduced
352,DeepSeek,corrected
352,Gemini,corrected
352,ChatGpt2025,introduced
352,DeepSeek,corrected
352,Gemini,corrected
353,ChatGpt2025,corrected
353,DeepSeek,corrected
353,Gemini,corrected
354,ChatGpt2025,corrected
354,DeepSeek,corrected
354,Gemini,corrected
356,ChatGpt2025,corrected
356,DeepSeek,corrected
356,Gemini,corrected
356,ChatGpt2025,corrected
356,DeepSeek,corrected
356,Gemini,corrected
357,ChatGpt2025,corrected
357,DeepSeek,corrected
357,Gemini,corrected
357,ChatGpt2025,corrected
357,DeepSeek,corrected
357,Gemini,corrected
357,ChatGpt2025,corrected
357,DeepSeek,corrected
357,Gemini,corrected
36,ChatGpt2025,corrected
36,DeepSeek,corrected
36,Gemini,corrected
36,ChatGpt2025,corrected
36,DeepSeek,corrected
36,Gemini,corrected
38,ChatGpt2025,corrected
38,DeepSeek,corrected
38,Gemini,corrected
38,ChatGpt2025,not_corrected
38,DeepSeek,corrected
38,Gemini,introduced
38,ChatGpt2025,introduced
38,DeepSeek,introduced
38,Gemini,corrected
38,ChatGpt2025,introduced
38,DeepSeek,not_corrected
38,Gemini,corrected
39,ChatGpt2025,corrected
39,DeepSeek,corrected
39,Gemini,corrected
39,ChatGpt2025,corrected
39,DeepSeek,corrected
39,Gemini,corrected
39,ChatGpt2025,corrected
39,DeepSeek,corrected
39,Gemini,corrected
4,ChatGpt2025,not_corrected
4,DeepSeek,corrected
4,Gemini,corrected
41,ChatGpt2025,corrected
41,DeepSeek,corrected
41,Gemini,corrected
41,ChatGpt2025,not_corrected
41,DeepSeek,corrected
41,Gemini,corrected
41,ChatGpt2025,introduced
41,DeepSeek,introduced
41,Gemini,introduced
43,ChatGpt2025,corrected
43,DeepSeek,corrected
43,Gemini,corrected
43,ChatGpt2025,corrected
43,DeepSeek,corrected
43,Gemini,corrected
45,ChatGpt2025,not_corrected
45,DeepSeek,corrected
45,Gemini,corrected
46,ChatGpt2025,not_corrected
46,DeepSeek,not_corrected
46,Gemini,not_corrected
46,ChatGpt2025,introduced
46,DeepSeek,introduced
46,Gemini,introduced
46,ChatGpt2025,corrected
46,DeepSeek,corrected
46,Gemini,introduced
47,ChatGpt2025,corrected
47,DeepSeek,corrected
47,Gemini,corrected
48,ChatGpt2025,corrected
48,DeepSeek,corrected
48,Gemini,corrected
48,ChatGpt2025,corrected
48,DeepSeek,corrected
48,Gemini,corrected
48,ChatGpt2025,corrected
48,DeepSeek,corrected
48,Gemini,corrected
48,ChatGpt2025,corrected
48,DeepSeek,corrected
48,Gemini,corrected
48,ChatGpt2025,introduced
48,DeepSeek,introduced
48,Gemini,corrected
5,ChatGpt2025,corrected
5,DeepSeek,not_corrected
5,Gemini,introduced
5,ChatGpt2025,introduced
5,DeepSeek,introduced
5,Gemini,introduced
5,ChatGpt2025,introduced
5,DeepSeek,introduced
5,Gemini,corrected
5,ChatGpt2025,introduced
5,DeepSeek,introduced
5,Gemini,introduced
50,ChatGpt2025,corrected
50,DeepSeek,corrected
50,Gemini,corrected
50,ChatGpt2025,introduced
50,DeepSeek,introduced
50,Gemini,corrected
51,ChatGpt2025,corrected
51,DeepSeek,corrected
51,Gemini,corrected
51,ChatGpt2025,introduced
51,DeepSeek,corrected
51,Gemini,corrected
51,ChatGpt2025,corrected
51,DeepSeek,corrected
51,Gemini,corrected
52,ChatGpt2025,corrected
52,DeepSeek,corrected
52,Gemini,corrected
52,ChatGpt2025,corrected
52,DeepSeek,corrected
52,Gemini,corrected
53,ChatGpt2025,corrected
53,DeepSeek,corrected
53,Gemini,corrected
53,ChatGpt2025,corrected
53,DeepSeek,corrected
53,Gemini,corrected
53,ChatGpt2025,corrected
53,DeepSeek,corrected
53,Gemini,corrected
55,ChatGpt2025,not_corrected
55,DeepSeek,corrected
55,Gemini,not_corrected
55,ChatGpt2025,corrected
55,DeepSeek,corrected
55,Gemini,not_corrected
56,ChatGpt2025,corrected
56,DeepSeek,corrected
56,Gemini,corrected
56,ChatGpt2025,corrected
56,DeepSeek,corrected
56,Gemini,corrected
56,ChatGpt2025,not_corrected
56,DeepSeek,corrected
56,Gemini,not_corrected
57,ChatGpt2025,corrected
57,DeepSeek,corrected
57,Gemini,corrected
57,ChatGpt2025,introduced
57,DeepSeek,introduced
57,Gemini,corrected
58,ChatGpt2025,corrected
58,DeepSeek,corrected
58,Gemini,corrected
59,ChatGpt2025,corrected
59,DeepSeek,corrected
59,Gemini,corrected
59,ChatGpt2025,corrected
59,DeepSeek,corrected
59,Gemini,corrected
6,ChatGpt2025,introduced
6,DeepSeek,corrected
6,Gemini,corrected
6,ChatGpt2025,introduced
6,DeepSeek,corrected
6,Gemini,corrected
6,ChatGpt2025,corrected
6,DeepSeek,corrected
6,Gemini,corrected
60,ChatGpt2025,corrected
60,DeepSeek,corrected
60,Gemini,corrected
61,ChatGpt2025,not_corrected
61,DeepSeek,corrected
61,Gemini,not_corrected
61,ChatGpt2025,corrected
61,DeepSeek,corrected
61,Gemini,corrected
63,ChatGpt2025,corrected
63,DeepSeek,corrected
63,Gemini,corrected
63,ChatGpt2025,corrected
63,DeepSeek,corrected
63,Gemini,corrected
63,ChatGpt2025,corrected
63,DeepSeek,corrected
63,Gemini,corrected
63,ChatGpt2025,corrected
63,DeepSeek,corrected
63,Gemini,corrected
64,ChatGpt2025,corrected
64,DeepSeek,corrected
64,Gemini,corrected
64,ChatGpt2025,corrected
64,DeepSeek,corrected
64,Gemini,corrected
65,ChatGpt2025,corrected
65,DeepSeek,not_corrected
65,Gemini,corrected
66,ChatGpt2025,corrected
66,DeepSeek,corrected
66,Gemini,corrected
66,ChatGpt2025,corrected
66,DeepSeek,corrected
66,Gemini,corrected
67,ChatGpt2025,corrected
67,DeepSeek,corrected
67,Gemini,corrected
68,ChatGpt2025,not_corrected
68,DeepSeek,corrected
68,Gemini,not_corrected
68,ChatGpt2025,not_corrected
68,DeepSeek,not_corrected
68,Gemini,not_corrected
68,ChatGpt2025,corrected
68,DeepSeek,corrected
68,Gemini,corrected
69,ChatGpt2025,corrected
69,DeepSeek,corrected
69,Gemini,corrected
70,ChatGpt2025,not_corrected
70,DeepSeek,not_corrected
70,Gemini,corrected
71,ChatGpt2025,introduced
71,DeepSeek,corrected
71,Gemini,introduced
72,ChatGpt2025,not_corrected
72,DeepSeek,not_corrected
72,Gemini,not_corrected
74,ChatGpt2025,corrected
74,DeepSeek,corrected
74,Gemini,corrected
74,ChatGpt2025,corrected
74,DeepSeek,corrected
74,Gemini,corrected
75,ChatGpt2025,not_corrected
75,DeepSeek,not_corrected
75,Gemini,not_corrected
75,ChatGpt2025,corrected
75,DeepSeek,corrected
75,Gemini,corrected
75,ChatGpt2025,not_corrected
75,DeepSeek,not_corrected
75,Gemini,not_corrected
76,ChatGpt2025,corrected
76,DeepSeek,corrected
76,Gemini,corrected
76,ChatGpt2025,corrected
76,DeepSeek,corrected
76,Gemini,corrected
8,ChatGpt2025,corrected
8,DeepSeek,corrected
8,Gemini,corrected
8,ChatGpt2025,introduced
8,DeepSeek,introduced
8,Gemini,introduced
80,ChatGpt2025,corrected
80,DeepSeek,corrected
80,Gemini,corrected
81,ChatGpt2025,not_corrected
81,DeepSeek,not_corrected
81,Gemini,corrected
83,ChatGpt2025,corrected
83,DeepSeek,corrected
83,Gemini,corrected
84,ChatGpt2025,corrected
84,DeepSeek,corrected
84,Gemini,corrected
85,ChatGpt2025,corrected
85,DeepSeek,corrected
85,Gemini,corrected
85,ChatGpt2025,corrected
85,DeepSeek,corrected
85,Gemini,corrected
87,ChatGpt2025,corrected
87,DeepSeek,corrected
87,Gemini,corrected
88,ChatGpt2025,not_corrected
88,DeepSeek,not_corrected
88,Gemini,corrected
88,ChatGpt2025,not_corrected
88,DeepSeek,not_corrected
88,Gemini,not_corrected
88,ChatGpt2025,not_corrected
88,DeepSeek,not_corrected
88,Gemini,corrected
88,ChatGpt2025,not_corrected
88,DeepSeek,not_corrected
88,Gemini,corrected
88,ChatGpt2025,not_corrected
88,DeepSeek,introduced
88,Gemini,not_corrected
9,ChatGpt2025,corrected
9,DeepSeek,corrected
9,Gemini,corrected
9,ChatGpt2025,introduced
9,DeepSeek,corrected
9,Gemini,not_corrected
90,ChatGpt2025,not_corrected
90,DeepSeek,not_corrected
90,Gemini,not_corrected
90,ChatGpt2025,not_corrected
90,DeepSeek,not_corrected
90,Gemini,not_corrected
91,ChatGpt2025,corrected
91,DeepSeek,corrected
91,Gemini,corrected
91,ChatGpt2025,corrected
91,DeepSeek,corrected
91,Gemini,introduced
92,ChatGpt2025,corrected
92,DeepSeek,corrected
92,Gemini,corrected
93,ChatGpt2025,corrected
93,DeepSeek,corrected
93,Gemini,corrected
93,ChatGpt2025,corrected
93,DeepSeek,corrected
93,Gemini,corrected
93,ChatGpt2025,corrected
93,DeepSeek,corrected
93,Gemini,corrected
94,ChatGpt2025,corrected
94,DeepSeek,corrected
94,Gemini,corrected
94,ChatGpt2025,corrected
94,DeepSeek,corrected
94,Gemini,corrected
94,ChatGpt2025,corrected
94,DeepSeek,corrected
94,Gemini,corrected
95,ChatGpt2025,corrected
95,DeepSeek,corrected
95,Gemini,corrected
95,ChatGpt2025,corrected
95,DeepSeek,corrected
95,Gemini,corrected
96,ChatGpt2025,corrected
96,DeepSeek,corrected
96,Gemini,not_corrected
97,ChatGpt2025,corrected
97,DeepSeek,corrected
97,Gemini,corrected
97,ChatGpt2025,corrected
97,DeepSeek,not_corrected
97,Gemini,corrected
97,ChatGpt2025,corrected
97,DeepSeek,corrected
97,Gemini,corrected
